{
    "name": "Torus.003Geometry",
    "uvs": [[0.25,0,0.25,0.055556,0,0.055556,0,0,0.25,0.111111,0,0.111111,0.25,0.166667,0,0.166667,0.25,0.222222,0,0.222222,0.25,0.277778,0,0.277778,0.25,0.333333,0,0.333333,0.25,0.388889,0,0.388889,0.25,0.444444,0,0.444444,0.25,0.5,0,0.5,0.25,0.555556,0,0.555556,0.25,0.611111,0,0.611111,0.25,0.666667,0,0.666667,0.25,0.722222,0,0.722222,0.25,0.777778,0,0.777778,0.25,0.833333,0,0.833333,0.25,0.888889,0,0.888889,0.25,0.944444,0,0.944444,0.25,1,0,1,0.5,0,0.5,0.055556,0.5,0.111111,0.5,0.166667,0.5,0.222222,0.5,0.277778,0.5,0.333333,0.5,0.388889,0.5,0.444444,0.5,0.5,0.5,0.555556,0.5,0.611111,0.5,0.666667,0.5,0.722222,0.5,0.777778,0.5,0.833333,0.5,0.888889,0.5,0.944444,0.5,1,0.75,0,0.75,0.055556,0.75,0.111111,0.75,0.166667,0.75,0.222222,0.75,0.277778,0.75,0.333333,0.75,0.388889,0.75,0.444444,0.75,0.5,0.75,0.555556,0.75,0.611111,0.75,0.666667,0.75,0.722222,0.75,0.777778,0.75,0.833333,0.75,0.888889,0.75,0.944444,0.75,1,1,0,1,0.055556,1,0.111111,1,0.166667,1,0.222222,1,0.277778,1,0.333333,1,0.388889,1,0.444444,1,0.5,1,0.555556,1,0.611111,1,0.666667,1,0.722222,1,0.777778,1,0.833333,1,0.888889,1,0.944444,1,1]],
    "vertices": [0,1.7e-05,-145.5,0,0.171027,-145.47,145.47,0.17101,0,145.5,0,0,0,0.321411,-145.383,145.383,0.321394,0,0,0.43303,-145.25,145.25,0.433013,0,0,0.492421,-145.087,145.087,0.492404,0,0,0.492421,-144.913,144.913,0.492404,0,0,0.43303,-144.75,144.75,0.433013,0,0,0.321411,-144.617,144.617,0.321394,0,0,0.171027,-144.53,144.53,0.17101,0,0,1.7e-05,-144.5,144.5,0,0,0,-0.170993,-144.53,144.53,-0.17101,-0,0,-0.321377,-144.617,144.617,-0.321394,-0,0,-0.432996,-144.75,144.75,-0.433013,-0,0,-0.492387,-144.913,144.913,-0.492404,-0,0,-0.492387,-145.087,145.087,-0.492404,-0,0,-0.432996,-145.25,145.25,-0.433013,-0,0,-0.321377,-145.383,145.383,-0.321394,-0,0,-0.170993,-145.47,145.47,-0.17101,-0,-145.5,0,0,-145.47,0.17101,0,-145.383,0.321394,0,-145.25,0.433013,0,-145.087,0.492404,0,-144.913,0.492404,0,-144.75,0.433013,0,-144.617,0.321394,0,-144.53,0.17101,0,-144.5,0,0,-144.53,-0.17101,-0,-144.617,-0.321394,-0,-144.75,-0.433013,-0,-144.913,-0.492404,-0,-145.087,-0.492404,-0,-145.25,-0.433013,-0,-145.383,-0.321394,-0,-145.47,-0.17101,-0,0,-1.7e-05,145.5,0,0.170993,145.47,0,0.321377,145.383,0,0.432996,145.25,0,0.492387,145.087,0,0.492387,144.913,0,0.432996,144.75,0,0.321377,144.617,0,0.170993,144.53,0,-1.7e-05,144.5,0,-0.171027,144.53,0,-0.321411,144.617,0,-0.43303,144.75,0,-0.492421,144.913,0,-0.492421,145.087,0,-0.43303,145.25,0,-0.321411,145.383,0,-0.171027,145.47],
    "normals": [0,0,-1,0,0.319041,-0.947722,0.947722,0.319041,0,1,0,0,0,0.60564,-0.795709,0.795709,0.60564,0,0,0.830073,-0.557634,0.557634,0.830073,0,0,0.967132,-0.25425,0.25425,0.967132,0,0,0.996155,0.087558,-0.087558,0.996155,0,0,0.90231,0.431074,-0.431074,0.90231,0,0,0.685812,0.727744,-0.727744,0.685812,0,0,0.370342,0.928861,-0.928861,0.370342,0,0,0,1,-1,0,0,0,-0.370342,0.928861,-0.928861,-0.370342,0,0,-0.685812,0.727744,-0.727744,-0.685812,0,0,-0.90231,0.431074,-0.431074,-0.90231,0,0,-0.996155,0.087558,-0.087558,-0.996155,0,0,-0.967132,-0.25425,0.25425,-0.967132,0,0,-0.830073,-0.557634,0.557634,-0.830073,0,0,-0.60564,-0.795709,0.795709,-0.60564,0,0,-0.319041,-0.947722,0.947722,-0.319041,0,-0.947722,0.319041,0,-0.795709,0.60564,0,-0.557634,0.830073,0,-0.25425,0.967132,0,0.087558,0.996155,0,0.431074,0.90231,0,0.727744,0.685812,0,0.928861,0.370342,0,0.928861,-0.370342,0,0.727744,-0.685812,0,0.431074,-0.90231,0,0.087558,-0.996155,0,-0.25425,-0.967132,0,-0.557634,-0.830073,0,-0.795709,-0.60564,0,-0.947722,-0.319041,0,0,0.319041,0.947722,0,0.60564,0.795709,0,0.830073,0.557634,0,0.967132,0.25425,0,0.996155,-0.087558,0,0.90231,-0.431074,0,0.685812,-0.727744,0,0.370342,-0.928861,0,-0.370342,-0.928861,0,-0.685812,-0.727744,0,-0.90231,-0.431074,0,-0.996155,-0.087558,0,-0.967132,0.25425,0,-0.830073,0.557634,0,-0.60564,0.795709,0,-0.319041,0.947722],
    "faces": [41,0,1,2,3,0,1,2,3,0,1,2,3,41,1,4,5,2,1,4,5,2,1,4,5,2,41,4,6,7,5,4,6,7,5,4,6,7,5,41,6,8,9,7,6,8,9,7,6,8,9,7,41,8,10,11,9,8,10,11,9,8,10,11,9,41,10,12,13,11,10,12,13,11,10,12,13,11,41,12,14,15,13,12,14,15,13,12,14,15,13,41,14,16,17,15,14,16,17,15,14,16,17,15,41,16,18,19,17,16,18,19,17,16,18,19,17,41,18,20,21,19,18,20,21,19,18,20,21,19,41,20,22,23,21,20,22,23,21,20,22,23,21,41,22,24,25,23,22,24,25,23,22,24,25,23,41,24,26,27,25,24,26,27,25,24,26,27,25,41,26,28,29,27,26,28,29,27,26,28,29,27,41,28,30,31,29,28,30,31,29,28,30,31,29,41,30,32,33,31,30,32,33,31,30,32,33,31,41,32,34,35,33,32,34,35,33,32,34,35,33,41,34,0,3,35,34,36,37,35,34,0,3,35,41,1,0,36,37,1,0,38,39,1,0,19,36,41,37,38,4,1,39,40,4,1,36,37,4,1,41,38,39,6,4,40,41,6,4,37,38,6,4,41,39,40,8,6,41,42,8,6,38,39,8,6,41,40,41,10,8,42,43,10,8,39,40,10,8,41,41,42,12,10,43,44,12,10,40,41,12,10,41,42,43,14,12,44,45,14,12,41,42,14,12,41,43,44,16,14,45,46,16,14,42,43,16,14,41,44,45,18,16,46,47,18,16,43,3,18,16,41,45,46,20,18,47,48,20,18,3,44,20,18,41,46,47,22,20,48,49,22,20,44,45,22,20,41,47,48,24,22,49,50,24,22,45,46,24,22,41,48,49,26,24,50,51,26,24,46,47,26,24,41,49,50,28,26,51,52,28,26,47,48,28,26,41,50,51,30,28,52,53,30,28,48,49,30,28,41,51,52,32,30,53,54,32,30,49,50,32,30,41,52,53,34,32,54,55,34,32,50,51,34,32,41,0,34,53,36,36,34,55,56,0,34,51,19,41,54,55,37,36,57,58,39,38,18,52,36,19,41,55,56,38,37,58,59,40,39,52,53,37,36,41,56,57,39,38,59,60,41,40,53,54,38,37,41,57,58,40,39,60,61,42,41,54,55,39,38,41,58,59,41,40,61,62,43,42,55,56,40,39,41,59,60,42,41,62,63,44,43,56,57,41,40,41,60,61,43,42,63,64,45,44,57,58,42,41,41,61,62,44,43,64,65,46,45,58,59,43,42,41,62,63,45,44,65,66,47,46,59,0,3,43,41,63,64,46,45,66,67,48,47,0,60,44,3,41,64,65,47,46,67,68,49,48,60,61,45,44,41,65,66,48,47,68,69,50,49,61,62,46,45,41,66,67,49,48,69,70,51,50,62,63,47,46,41,67,68,50,49,70,71,52,51,63,64,48,47,41,68,69,51,50,71,72,53,52,64,65,49,48,41,69,70,52,51,72,73,54,53,65,66,50,49,41,70,71,53,52,73,74,55,54,66,67,51,50,41,71,54,36,53,74,75,56,55,67,18,19,51,41,3,2,55,54,76,77,58,57,3,2,52,18,41,2,5,56,55,77,78,59,58,2,5,53,52,41,5,7,57,56,78,79,60,59,5,7,54,53,41,7,9,58,57,79,80,61,60,7,9,55,54,41,9,11,59,58,80,81,62,61,9,11,56,55,41,11,13,60,59,81,82,63,62,11,13,57,56,41,13,15,61,60,82,83,64,63,13,15,58,57,41,15,17,62,61,83,84,65,64,15,17,59,58,41,17,19,63,62,84,85,66,65,17,19,0,59,41,19,21,64,63,85,86,67,66,19,21,60,0,41,21,23,65,64,86,87,68,67,21,23,61,60,41,23,25,66,65,87,88,69,68,23,25,62,61,41,25,27,67,66,88,89,70,69,25,27,63,62,41,27,29,68,67,89,90,71,70,27,29,64,63,41,29,31,69,68,90,91,72,71,29,31,65,64,41,31,33,70,69,91,92,73,72,31,33,66,65,41,33,35,71,70,92,93,74,73,33,35,67,66,41,35,3,54,71,93,94,75,74,35,3,18,67],
    "metadata": {
        "vertices": 72,
        "type": "Geometry",
        "uvs": 1,
        "version": 3,
        "normals": 68,
        "generator": "io_three",
        "faces": 72
    }
}